Workbook

Sheet Sheet2
A3: Row Labels | B3: Sum of TOTAL PRICE
A4: - 1000A - Al - update MTO - rev 00.xlsx | B4: 3.1790186e+09
A5: - 1250A - Al - update MTO - rev 00.xlsx | B5: 3.7676625e+09
A6: - 1600A - Al - update MTO - rev 00.xlsx | B6: 5.6340843e+09
A7: - 2000A - Al - update MTO - rev 00.xlsx | B7: 4.9407238e+09
A8: - 2500A - Al - update MTO - rev 00.xlsx | B8: 6.2849022e+09
A9: - 3200A - Al - update MTO - rev 00.xlsx | B9: 7.0711405e+09
A10: - 400A -630A - Al - update MTO - rev 00.xlsx | B10: 2.6299189e+09
A11: - 800A - Al - update MTO - rev 00.xlsx | B11: 2.8738288e+09
A12: - 4000A - Al - update MTO - rev 00.xlsx | B12: 8.45009e+09
A13: - 5000A - Al - update MTO - rev 00.xlsx | B13: 9.9675082e+09
A14: Grand Total | B14: 5.4798878e+10

Sheet Al update MTO - 05-1-30
A1: Source.Name | B1: Name | C1: ردیف | D1: دسته | E1: متریال | F1: DIMENTION | G1: QTY | H1: VALUE | I1: UNIT | J1: UNIT PRICE | K1: TOTAL PRICE | L1: Item | M1: Kind | N1: Hidden
A2: - 1000A - Al - update MTO - rev 00.xlsx | B2: FEEDER-1000 | C2: 1 | D2: آلومینیوم | E2: پروفیل یو شکل | F2: 2735 | G2: 2 | H2: 7.658 | I2: Kg | J2: 8500000 | K2: 65093000 | L2: FEEDER-1000 | M2: Sheet | N2: FALSE
A3: - 1000A - Al - update MTO - rev 00.xlsx | B3: FEEDER-1000 | C3: 2 | E3: پروفیل آی شکل | F3: 2735 | G3: 0 | H3: 0 | I3: Kg | J3: 8500000 | K3: 0 | L3: FEEDER-1000 | M3: Sheet | N3: FALSE
A4: - 1000A - Al - update MTO - rev 00.xlsx | B4: FEEDER-1000 | C4: 3 | E4: هیت سینگ 163 | F4: 2703 | G4: 2 | H4: 9.1902 | I4: Kg | J4: 8500000 | K4: 78116700 | L4: FEEDER-1000 | M4: Sheet | N4: FALSE
A5: - 1000A - Al - update MTO - rev 00.xlsx | B5: FEEDER-1000 | C5: 4 | E5: دایکاست (نگهدارنده کاور) | F5: 120 | G5: 4 | H5: 0.48 | I5: Kg | J5: 8500000 | K5: 4080000 | L5: FEEDER-1000 | M5: Sheet | N5: FALSE
A6: - 1000A - Al - update MTO - rev 00.xlsx | B6: FEEDER-1000 | C6: 5 | E6: گارد | F6: 180 | G6: 4 | H6: 0.950616 | I6: Kg | J6: 8500000 | K6: 8080236 | L6: FEEDER-1000 | M6: Sheet | N6: FALSE
A7: - 1000A - Al - update MTO - rev 00.xlsx | B7: FEEDER-1000 | C7: 6 | E7: شینه آلومینیوم 6 میلیمتری | F7: 2970 | G7: 4 | H7: 19.2456 | I7: Kg | J7: 8500000 | K7: 1.635876e+08 | L7: FEEDER-1000 | M7: Sheet | N7: FALSE
A8: - 1000A - Al - update MTO - rev 00.xlsx | B8: FEEDER-1000 | C8: 7 | D8: عایق ها | E8: عایق میکا | F8: 0.13 | G8: 2.75616 | H8: 2.75616 | I8: M2 | J8: 4275000 | K8: 11782584 | L8: FEEDER-1000 | M8: Sheet | N8: FALSE
A9: - 1000A - Al - update MTO - rev 00.xlsx | B9: FEEDER-1000 | C9: 8 | E9: عایق نومکس یا مایلار | F9: 0.35 | G9: 1.2127104 | H9: 1.2127104 | I9: Kg | J9: 35750000 | K9: 43354397 | L9: FEEDER-1000 | M9: Sheet | N9: FALSE
A10: - 1000A - Al - update MTO - rev 00.xlsx | B10: FEEDER-1000 | C10: 9 | E10: عایق نومکس یا مایلار | F10: 0.2 | G10: 0 | H10: 0 | I10: Kg | J10: 45760000 | K10: 0 | L10: FEEDER-1000 | M10: Sheet | N10: FALSE
A11: - 1000A - Al - update MTO - rev 00.xlsx | B11: FEEDER-1000 | C11: 10 | D11: رنگ بدنه | E11: رنگ پودری | G11: 16.8482 | H11: 16.8482 | I11: Kg | J11: 1430000 | K11: 24092926 | L11: FEEDER-1000 | M11: Sheet | N11: FALSE
A12: - 1000A - Al - update MTO - rev 00.xlsx | B12: FEEDER-1000 | C12: 11 | D12: قلع | E12: ابکاری پلیت | G12: 8 | H12: 8 | I12: Kg | J12: 1600000 | K12: 12800000 | L12: FEEDER-1000 | M12: Sheet | N12: FALSE
A13: - 1000A - Al - update MTO - rev 00.xlsx | B13: FEEDER-1000 | C13: 12 | E13: ابکاری شینه ها سراسر | G13: 19.2456 | H13: 19.2456 | I13: PCS | J13: 3600000 | K13: 69284160 | L13: FEEDER-1000 | M13: Sheet | N13: FALSE
A14: - 1000A - Al - update MTO - rev 00.xlsx | B14: FEEDER-1000 | C14: 13 | D14: چسب | E14: چسب عایق ها | G14: 11.88 | H14: 11.88 | I14: PCS | J14: 3600000 | K14: 42768000 | L14: FEEDER-1000 | M14: Sheet | N14: FALSE
A15: - 1000A - Al - update MTO - rev 00.xlsx | B15: FEEDER-1000 | C15: 14 | E15: چسب سیلیکون | G15: 0.1 | H15: 0.1 | I15: PCS | J15: 5500000 | K15: 550000 | L15: FEEDER-1000 | M15: Sheet | N15: FALSE
A16: - 1000A - Al - update MTO - rev 00.xlsx | B16: FEEDER-1000 | C16: 15 | D16: پیچ و مهره | E16: پیچ 8x20 | G16: 80 | H16: 80 | I16: PCS | J16: 200000 | K16: 16000000 | L16: FEEDER-1000 | M16: Sheet | N16: FALSE
A17: - 1000A - Al - update MTO - rev 00.xlsx | B17: FEEDER-1000 | C17: 16 | E17: پیچ 8x25 | G17: 8 | H17: 8 | I17: PCS | J17: 200000 | K17: 1600000 | L17: FEEDER-1000 | M17: Sheet | N17: FALSE
A18: - 1000A - Al - update MTO - rev 00.xlsx | B18: FEEDER-1000 | C18: 17 | E18: مهره خاردار 8 | G18: 88 | H18: 88 | I18: PCS | J18: 200000 | K18: 17600000 | L18: FEEDER-1000 | M18: Sheet | N18: FALSE
A19: - 1000A - Al - update MTO - rev 00.xlsx | B19: FEEDER-1000 | C19: 18 | E19: پیچ 6x10 | G19: 16 | H19: 16 | I19: PCS | J19: 400000 | K19: 6400000 | L19: FEEDER-1000 | M19: Sheet | N19: FALSE
A20: - 1000A - Al - update MTO - rev 00.xlsx | B20: FEEDER-1000 | C20: 19 | E20: مهره پرچی ته بسته 6 | G20: 16 | H20: 16 | I20: PCS | J20: 120000 | K20: 1920000 | L20: FEEDER-1000 | M20: Sheet | N20: FALSE
A21: - 1000A - Al - update MTO - rev 00.xlsx | B21: FEEDER-1000 | C21: 20 | E21: پیچ 6x15 | G21: 24 | H21: 24 | I21: PCS | J21: 400000 | K21: 9600000 | L21: FEEDER-1000 | M21: Sheet | N21: FALSE
A22: - 1000A - Al - update MTO - rev 00.xlsx | B22: FEEDER-1000 | C22: 21 | D22: مس | E22: پلیت مونو بلاک | F22: 132 | G22: 8 | H22: 2.838528 | I22: Kg | J22: 35000000 | K22: 99348480 | L22: FEEDER-1000 | M22: Sheet | N22: FALSE
A23: - 1000A - Al - update MTO - rev 00.xlsx | B23: FEEDER-1000 | C23: 22 | D23: آهن | E23: کاورهای کناری | F23: 115 X 185 | G23: 2 | H23: 1 | I23: Kg | J23: 5200000 | K23: 5200000 | L23: FEEDER-1000 | M23: Sheet | N23: FALSE
A24: - 1000A - Al - update MTO - rev 00.xlsx | B24: FEEDER-1000 | C24: 23 | E24: کاور بالا و پایین | F24: 425 X 265 | G24: 2 | H24: 1.2 | I24: Kg | J24: 5200000 | K24: 6240000 | L24: FEEDER-1000 | M24: Sheet | N24: FALSE
A25: - 1000A - Al - update MTO - rev 00.xlsx | B25: FEEDER-1000 | C25: 24 | D25: الومینیوم | E25: هولدر مونوبلاک | F25: 163*157 | G25: 2 | H25: 0.575879 | I25: Kg | J25: 8500000 | K25: 4894971.5 | L25: FEEDER-1000 | M25: Sheet | N25: FALSE
A26: - 1000A - Al - update MTO - rev 00.xlsx | B26: FEEDER-1000 | C26: 25 | D26: پلی امید | E26: عایق یک طرفه | F26: 0.18 | G26: 2 | H26: 2 | I26: PCS | J26: 715000 | K26: 1430000 | L26: FEEDER-1000 | M26: Sheet | N26: FALSE
A27: - 1000A - Al - update MTO - rev 00.xlsx | B27: FEEDER-1000 | C27: 26 | E27: عایق دو طرفه | F27: 0.2 | G27: 3 | H27: 3 | I27: PCS | J27: 715000 | K27: 2145000 | L27: FEEDER-1000 | M27: Sheet | N27: FALSE
A28: - 1000A - Al - update MTO - rev 00.xlsx | B28: FEEDER-1000 | C28: 27 | D28: ABS | E28: قطعه شش ضلعی | F28: 80 mm | G28: 1 | H28: 1 | I28: PCS | J28: 100000 | K28: 100000 | L28: FEEDER-1000 | M28: Sheet | N28: FALSE
A29: - 1000A - Al - update MTO - rev 00.xlsx | B29: FEEDER-1000 | C29: 28 | D29: پیچ و مهره | E29: پیچ 12x120 | G29: 2 | H29: 2 | I29: PCS | J29: 2400000 | K29: 4800000 | L29: FEEDER-1000 | M29: Sheet | N29: FALSE
A30: - 1000A - Al - update MTO - rev 00.xlsx | B30: FEEDER-1000 | C30: 29 | E30: مهره مربعی | G30: 2 | H30: 2 | I30: PCS | J30: 2400000 | K30: 4800000 | L30: FEEDER-1000 | M30: Sheet | N30: FALSE
A31: - 1000A - Al - update MTO - rev 00.xlsx | B31: FEEDER-1000 | C31: 30 | E31: واشر قابلمه ای 74 به ضخامت 5 میلیمتر | G31: 2 | H31: 2 | I31: PCS | J31: 3000000 | K31: 6000000 | L31: FEEDER-1000 | M31: Sheet | N31: FALSE
A32: - 1000A - Al - update MTO - rev 00.xlsx | B32: FEEDER-1000 | C32: 31 | D32: نوار IP | E32: نوار چسبی مونوبلاک ها | G32: 2 | H32: 2 | I32: PCS | J32: 1300000 | K32: 2600000 | L32: FEEDER-1000 | M32: Sheet | N32: FALSE
A33: - 1000A - Al - update MTO - rev 00.xlsx | B33: FEEDER-1000 | C33: 32 | D33: نوار IP | E33: نوار آی پی 25 میل | G33: 4 | H33: 10.812 | I33: m | J33: 460000 | K33: 4973520 | L33: FEEDER-1000 | M33: Sheet | N33: FALSE
A34: - 1000A - Al - update MTO - rev 00.xlsx | B34: FEEDER-1000 | C34: 33 | D34: ترموفیت | E34: ترموفیت سر و ته باسداکت | F34: 50 | G34: 8 | H34: 0.8 | I34: m | J34: 6823080 | K34: 5458464 | L34: FEEDER-1000 | M34: Sheet | N34: FALSE
A35: - 1000A - Al - update MTO - rev 00.xlsx | B35: FEEDER-1000 | C35: 28 | E35: ساعت کار ( ساعت ) | H35: 6 | I35: h | J35: 13000000 | K35: 78000000 | L35: FEEDER-1000 | M35: Sheet | N35: FALSE
A36: - 1000A - Al - update MTO - rev 00.xlsx | B36: Vertical elbow | C36: 1 | D36: آلومینیوم | E36: پروفیل یو شکل | F36: 0.768 | G36: 2 | H36: 2.1504 | I36: Kg | J36: 8500000 | K36: 18278400 | L36: Vertical elbow | M36: Sheet | N36: FALSE
A37: - 1000A - Al - update MTO - rev 00.xlsx | B37: Vertical elbow | C37: 2 | E37: پروفیل آی شکل | F37: 0 | G37: 0 | H37: 0 | I37: Kg | J37: 8500000 | K37: 0 | L37: Vertical elbow | M37: Sheet | N37: FALSE
A38: - 1000A - Al - update MTO - rev 00.xlsx | B38: Vertical elbow | C38: 3 | E38: هیت سینگ 163 | F38: 0.703 | G38: 2 | H38: 2.3902 | I38: Kg | J38: 8500000 | K38: 20316700 | L38: Vertical elbow | M38: Sheet | N38: FALSE
A39: - 1000A - Al - update MTO - rev 00.xlsx | B39: Vertical elbow | C39: 4 | E39: دایکاست (نگهدارنده کاور) | F39: 120 | G39: 4 | H39: 0.48 | I39: Kg | J39: 8500000 | K39: 4080000 | L39: Vertical elbow | M39: Sheet | N39: FALSE
A40: - 1000A - Al - update MTO - rev 00.xlsx | B40: Vertical elbow | C40: 5 | E40: گارد | F40: 180 | G40: 4 | H40: 0.950616 | I40: Kg | J40: 8500000 | K40: 8080236 | L40: Vertical elbow | M40: Sheet | N40: FALSE
A41: - 1000A - Al - update MTO - rev 00.xlsx | B41: Vertical elbow | C41: 6 | E41: شینه آلومینیوم 6 میلیمتری | F41: 0.963 | G41: 4 | H41: 6.24024 | I41: Kg | J41: 8500000 | K41: 53042040 | L41: Vertical elbow | M41: Sheet | N41: FALSE
A42: - 1000A - Al - update MTO - rev 00.xlsx | B42: Vertical elbow | C42: 7 | D42: عایق ها | E42: عایق میکا | F42: 0.13 | G42: 0.893664 | H42: 0.893664 | I42: M2 | J42: 4275000 | K42: 3820413.6 | L42: Vertical elbow | M42: Sheet | N42: FALSE
A43: - 1000A - Al - update MTO - rev 00.xlsx | B43: Vertical elbow | C43: 8 | E43: عایق نومکس یا مایلار | F43: 0.35 | G43: 0 | H43: 0 | I43: Kg | J43: 35750000 | K43: 0 | L43: Vertical elbow | M43: Sheet | N43: FALSE
A44: - 1000A - Al - update MTO - rev 00.xlsx | B44: Vertical elbow | C44: 9 | E44: عایق نومکس یا مایلار | F44: 0.2 | G44: 0.446832 | H44: 0.446832 | I44: Kg | J44: 45760000 | K44: 20447032 | L44: Vertical elbow | M44: Sheet | N44: FALSE
A45: - 1000A - Al - update MTO - rev 00.xlsx | B45: Vertical elbow | C45: 10 | D45: رنگ بدنه | E45: رنگ پودری | G45: 4.5406 | H45: 4.5406 | I45: PCS | J45: 1430000 | K45: 6493058 | L45: Vertical elbow | M45: Sheet | N45: FALSE
A46: - 1000A - Al - update MTO - rev 00.xlsx | B46: Vertical elbow | C46: 11 | D46: قلع | E46: ابکاری پلیت | G46: 8 | H46: 8 | I46: Kg | J46: 1600000 | K46: 12800000 | L46: Vertical elbow | M46: Sheet | N46: FALSE
A47: - 1000A - Al - update MTO - rev 00.xlsx | B47: Vertical elbow | C47: 12 | E47: ابکاری شینه ها سراسر | G47: 6.24024 | H47: 6.24024 | I47: PCS | J47: 3600000 | K47: 22464864 | L47: Vertical elbow | M47: Sheet | N47: FALSE
A48: - 1000A - Al - update MTO - rev 00.xlsx | B48: Vertical elbow | C48: 13 | D48: چسب | E48: چسب عایق ها | G48: 3.852 | H48: 3.852 | I48: PCS | J48: 3600000 | K48: 13867200 | L48: Vertical elbow | M48: Sheet | N48: FALSE
A49: - 1000A - Al - update MTO - rev 00.xlsx | B49: Vertical elbow | C49: 14 | E49: چسب سیلیکون | G49: 0.1 | H49: 0.1 | I49: PCS | J49: 5500000 | K49: 550000 | L49: Vertical elbow | M49: Sheet | N49: FALSE
A50: - 1000A - Al - update MTO - rev 00.xlsx | B50: Vertical elbow | C50: 15 | D50: پیچ و مهره | E50: پیچ 8x20 | G50: 20 | H50: 20 | I50: PCS | J50: 200000 | K50: 4000000 | L50: Vertical elbow | M50: Sheet | N50: FALSE
A51: - 1000A - Al - update MTO - rev 00.xlsx | B51: Vertical elbow | C51: 16 | E51: پیچ 8x25 | G51: 8 | H51: 8 | I51: PCS | J51: 200000 | K51: 1600000 | L51: Vertical elbow | M51: Sheet | N51: FALSE
A52: - 1000A - Al - update MTO - rev 00.xlsx | B52: Vertical elbow | C52: 17 | E52: مهره خاردار 8 | G52: 28 | H52: 28 | I52: PCS | J52: 200000 | K52: 5600000 | L52: Vertical elbow | M52: Sheet | N52: FALSE
A53: - 1000A - Al - update MTO - rev 00.xlsx | B53: Vertical elbow | C53: 18 | E53: پیچ 6x10 | G53: 16 | H53: 16 | I53: PCS | J53: 400000 | K53: 6400000 | L53: Vertical elbow | M53: Sheet | N53: FALSE
A54: - 1000A - Al - update MTO - rev 00.xlsx | B54: Vertical elbow | C54: 19 | E54: مهره پرچی ته بسته 6 | G54: 16 | H54: 16 | I54: PCS | J54: 120000 | K54: 1920000 | L54: Vertical elbow | M54: Sheet | N54: FALSE
A55: - 1000A - Al - update MTO - rev 00.xlsx | B55: Vertical elbow | C55: 20 | E55: پیچ 6x15 | G55: 24 | H55: 24 | I55: PCS | J55: 400000 | K55: 9600000 | L55: Vertical elbow | M55: Sheet | N55: FALSE
A56: - 1000A - Al - update MTO - rev 00.xlsx | B56: Vertical elbow | C56: 21 | D56: مس | E56: پلیت مونو بلاک | F56: 132 | G56: 8 | H56: 2.838528 | I56: Kg | J56: 35000000 | K56: 99348480 | L56: Vertical elbow | M56: Sheet | N56: FALSE
A57: - 1000A - Al - update MTO - rev 00.xlsx | B57: Vertical elbow | C57: 22 | D57: آهن | E57: کاورهای کناری | F57: 115 X 185 | G57: 2 | H57: 1 | I57: Kg | J57: 5200000 | K57: 5200000 | L57: Vertical elbow | M57: Sheet | N57: FALSE
A58: - 1000A - Al - update MTO - rev 00.xlsx | B58: Vertical elbow | C58: 23 | E58: کاور بالا و پایین | F58: 425 X 265 | G58: 2 | H58: 1.2 | I58: Kg | J58: 5200000 | K58: 6240000 | L58: Vertical elbow | M58: Sheet | N58: FALSE
A59: - 1000A - Al - update MTO - rev 00.xlsx | B59: Vertical elbow | C59: 24 | D59: الومینیوم | E59: هولدر مونوبلاک | F59: 163*157 | G59: 2 | H59: 0.575879 | I59: Kg | J59: 8500000 | K59: 4894971.5 | L59: Vertical elbow | M59: Sheet | N59: FALSE
A60: - 1000A - Al - update MTO - rev 00.xlsx | B60: Vertical elbow | C60: 25 | D60: پلی امید | E60: عایق یک طرفه | F60: 0.18 | G60: 2 | H60: 2 | I60: PCS | J60: 715000 | K60: 1430000 | L60: Vertical elbow | M60: Sheet | N60: FALSE
A61: - 1000A - Al - update MTO - rev 00.xlsx | B61: Vertical elbow | C61: 26 | E61: عایق دو طرفه | F61: 0.2 | G61: 3 | H61: 3 | I61: PCS | J61: 715000 | K61: 2145000 | L61: Vertical elbow | M61: Sheet | N61: FALSE
A62: - 1000A - Al - update MTO - rev 00.xlsx | B62: Vertical elbow | C62: 27 | D62: ABS | E62: قطعه شش ضلعی | F62: 80 mm | G62: 1 | H62: 1 | I62: PCS | J62: 100000 | K62: 100000 | L62: Vertical elbow | M62: Sheet | N62: FALSE
A63: - 1000A - Al - update MTO - rev 00.xlsx | B63: Vertical elbow | C63: 28 | D63: پیچ و مهره | E63: پیچ 12x120 | G63: 2 | H63: 2 | I63: PCS | J63: 2400000 | K63: 4800000 | L63: Vertical elbow | M63: Sheet | N63: FALSE
A64: - 1000A - Al - update MTO - rev 00.xlsx | B64: Vertical elbow | C64: 29 | E64: مهره مربعی | G64: 2 | H64: 2 | I64: PCS | J64: 2400000 | K64: 4800000 | L64: Vertical elbow | M64: Sheet | N64: FALSE
A65: - 1000A - Al - update MTO - rev 00.xlsx | B65: Vertical elbow | C65: 30 | E65: واشر قابلمه ای 74 به ضخامت 5 میلیمتر | G65: 2 | H65: 2 | I65: PCS | J65: 3000000 | K65: 6000000 | L65: Vertical elbow | M65: Sheet | N65: FALSE
A66: - 1000A - Al - update MTO - rev 00.xlsx | B66: Vertical elbow | C66: 31 | D66: جوش | E66: جوشکاری آلومینیوم | G66: 1 | H66: 2 | I66: PCS | J66: 30000000 | K66: 60000000 | L66: Vertical elbow | M66: Sheet | N66: FALSE
A67: - 1000A - Al - update MTO - rev 00.xlsx | B67: Vertical elbow | C67: 32 | E67: جوش اصطکاکی | G67: 1 | H67: 4 | J67: 14000000 | K67: 56000000 | L67: Vertical elbow | M67: Sheet | N67: FALSE
A68: - 1000A - Al - update MTO - rev 00.xlsx | B68: Vertical elbow | C68: 33 | D68: نوار IP | E68: نوار چسبی مونوبلاک ها | G68: 2 | H68: 2 | I68: PCS | J68: 1300000 | K68: 2600000 | L68: Vertical elbow | M68: Sheet | N68: FALSE
A69: - 1000A - Al - update MTO - rev 00.xlsx | B69: Vertical elbow | C69: 34 | D69: نوار IP | E69: نوار آی پی 25 میل | G69: 4 | H69: 2.812 | I69: m | J69: 460000 | K69: 1293520 | L69: Vertical elbow | M69: Sheet | N69: FALSE
A70: - 1000A - Al - update MTO - rev 00.xlsx | B70: Vertical elbow | C70: 35 | D70: ترموفیت | E70: ترموفیت سر و ته باسداکت | F70: 50 | G70: 8 | H70: 0.8 | I70: m | J70: 6823080 | K70: 5458464 | L70: Vertical elbow | M70: Sheet | N70: FALSE
A71: - 1000A - Al - update MTO - rev 00.xlsx | B71: Vertical elbow | C71: 28 | E71: ساعت کار ( ساعت ) | H71: 10 | I71: h | J71: 13000000 | K71: 130000000 | L71: Vertical elbow | M71: Sheet | N71: FALSE
A72: - 1000A - Al - update MTO - rev 00.xlsx | B72: Vertical elbow | C72: 29 | E72: ضریب ٪ | H72: 0 | I72: % | K72: 0 | L72: Vertical elbow | M72: Sheet | N72: FALSE
A73: - 1000A - Al - update MTO - rev 00.xlsx | B73: Horizontal elbow | C73: 1 | D73: آلومینیوم | E73: پروفیل یو شکل | F73: 0.335 | G73: 2 | H73: 0.938 | I73: Kg | J73: 8500000 | K73: 7973000 | L73: Horizontal elbow | M73: Sheet | N73: FALSE
A74: - 1000A - Al - update MTO - rev 00.xlsx | B74: Horizontal elbow | C74: 2 | E74: پروفیل آی شکل | F74: 0 | G74: 0 | H74: 0 | I74: Kg | J74: 8500000 | K74: 0 | L74: Horizontal elbow | M74: Sheet | N74: FALSE
A75: - 1000A - Al - update MTO - rev 00.xlsx | B75: Horizontal elbow | C75: 3 | E75: هیت سینگ 163 | F75: 0.335 | G75: 2 | H75: 1.139 | I75: Kg | J75: 8500000 | K75: 9681500 | L75: Horizontal elbow | M75: Sheet | N75: FALSE
A76: - 1000A - Al - update MTO - rev 00.xlsx | B76: Horizontal elbow | C76: 4 | E76: دایکاست (نگهدارنده کاور) | F76: 120 | G76: 4 | H76: 0.48 | I76: Kg | J76: 8500000 | K76: 4080000 | L76: Horizontal elbow | M76: Sheet | N76: FALSE
A77: - 1000A - Al - update MTO - rev 00.xlsx | B77: Horizontal elbow | C77: 5 | E77: گارد | F77: 180 | G77: 4 | H77: 0.950616 | I77: Kg | J77: 8500000 | K77: 8080236 | L77: Horizontal elbow | M77: Sheet | N77: FALSE
A78: - 1000A - Al - update MTO - rev 00.xlsx | B78: Horizontal elbow | C78: 6 | E78: شینه آلومینیوم 6 میلیمتری | F78: 0.558 | G78: 4 | H78: 3.61584 | I78: Kg | J78: 8500000 | K78: 30734640 | L78: Horizontal elbow | M78: Sheet | N78: FALSE
A79: - 1000A - Al - update MTO - rev 00.xlsx | B79: Horizontal elbow | C79: 7 | D79: عایق ها | E79: عایق میکا | F79: 0.13 | G79: 0.517824 | H79: 0.517824 | I79: M2 | J79: 4275000 | K79: 2213697.6 | L79: Horizontal elbow | M79: Sheet | N79: FALSE
A80: - 1000A - Al - update MTO - rev 00.xlsx | B80: Horizontal elbow | C80: 8 | E80: عایق نومکس یا مایلار | F80: 0.35 | G80: 0 | H80: 0 | I80: Kg | J80: 35750000 | K80: 0 | L80: Horizontal elbow | M80: Sheet | N80: FALSE
A81: - 1000A - Al - update MTO - rev 00.xlsx | B81: Horizontal elbow | C81: 9 | E81: عایق نومکس یا مایلار | F81: 0.2 | G81: 0.258912 | H81: 0.258912 | I81: Kg | J81: 45760000 | K81: 11847813 | L81: Horizontal elbow | M81: Sheet | N81: FALSE
A82: - 1000A - Al - update MTO - rev 00.xlsx | B82: Horizontal elbow | C82: 10 | D82: رنگ بدنه | E82: رنگ پودری | G82: 2.077 | H82: 2.077 | I82: PCS | J82: 1430000 | K82: 2970110 | L82: Horizontal elbow | M82: Sheet | N82: FALSE
A83: - 1000A - Al - update MTO - rev 00.xlsx | B83: Horizontal elbow | C83: 11 | D83: قلع | E83: ابکاری پلیت | G83: 8 | H83: 8 | I83: Kg | J83: 1600000 | K83: 12800000 | L83: Horizontal elbow | M83: Sheet | N83: FALSE
A84: - 1000A - Al - update MTO - rev 00.xlsx | B84: Horizontal elbow | C84: 12 | E84: ابکاری شینه ها سراسر | G84: 3.61584 | H84: 3.61584 | I84: PCS | J84: 3600000 | K84: 13017024 | L84: Horizontal elbow | M84: Sheet | N84: FALSE
A85: - 1000A - Al - update MTO - rev 00.xlsx | B85: Horizontal elbow | C85: 13 | D85: چسب | E85: چسب عایق ها | G85: 2.232 | H85: 2.232 | I85: PCS | J85: 3600000 | K85: 8035200 | L85: Horizontal elbow | M85: Sheet | N85: FALSE
A86: - 1000A - Al - update MTO - rev 00.xlsx | B86: Horizontal elbow | C86: 14 | E86: چسب سیلیکون | G86: 0.1 | H86: 0.1 | I86: PCS | J86: 5500000 | K86: 550000 | L86: Horizontal elbow | M86: Sheet | N86: FALSE
A87: - 1000A - Al - update MTO - rev 00.xlsx | B87: Horizontal elbow | C87: 15 | D87: پیچ و مهره | E87: پیچ 8x20 | G87: 20 | H87: 20 | I87: PCS | J87: 200000 | K87: 4000000 | L87: Horizontal elbow | M87: Sheet | N87: FALSE
A88: - 1000A - Al - update MTO - rev 00.xlsx | B88: Horizontal elbow | C88: 16 | E88: پیچ 8x25 | G88: 8 | H88: 8 | I88: PCS | J88: 200000 | K88: 1600000 | L88: Horizontal elbow | M88: Sheet | N88: FALSE
A89: - 1000A - Al - update MTO - rev 00.xlsx | B89: Horizontal elbow | C89: 17 | E89: مهره خاردار 8 | G89: 16 | H89: 16 | I89: PCS | J89: 200000 | K89: 3200000 | L89: Horizontal elbow | M89: Sheet | N89: FALSE
A90: - 1000A - Al - update MTO - rev 00.xlsx | B90: Horizontal elbow | C90: 18 | E90: پیچ 6x10 | G90: 16 | H90: 16 | I90: PCS | J90: 400000 | K90: 6400000 | L90: Horizontal elbow | M90: Sheet | N90: FALSE
A91: - 1000A - Al - update MTO - rev 00.xlsx | B91: Horizontal elbow | C91: 19 | E91: مهره پرچی ته بسته 6 | G91: 16 | H91: 16 | I91: PCS | J91: 120000 | K91: 1920000 | L91: Horizontal elbow | M91: Sheet | N91: FALSE
A92: - 1000A - Al - update MTO - rev 00.xlsx | B92: Horizontal elbow | C92: 20 | E92: پیچ 6x15 | G92: 24 | H92: 24 | I92: PCS | J92: 400000 | K92: 9600000 | L92: Horizontal elbow | M92: Sheet | N92: FALSE
A93: - 1000A - Al - update MTO - rev 00.xlsx | B93: Horizontal elbow | C93: 21 | D93: مس | E93: پلیت مونو بلاک | F93: 132 | G93: 8 | H93: 2.838528 | I93: Kg | J93: 35000000 | K93: 99348480 | L93: Horizontal elbow | M93: Sheet | N93: FALSE
A94: - 1000A - Al - update MTO - rev 00.xlsx | B94: Horizontal elbow | C94: 22 | D94: آهن | E94: کاورهای کناری | F94: 115 X 185 | G94: 2 | H94: 1 | I94: Kg | J94: 5200000 | K94: 5200000 | L94: Horizontal elbow | M94: Sheet | N94: FALSE
A95: - 1000A - Al - update MTO - rev 00.xlsx | B95: Horizontal elbow | C95: 23 | E95: کاور بالا و پایین | F95: 425 X 265 | G95: 2 | H95: 1.2 | I95: Kg | J95: 5200000 | K95: 6240000 | L95: Horizontal elbow | M95: Sheet | N95: FALSE
A96: - 1000A - Al - update MTO - rev 00.xlsx | B96: Horizontal elbow | C96: 24 | D96: الومینیوم | E96: هولدر مونوبلاک | F96: 163*157 | G96: 2 | H96: 0.575879 | I96: Kg | J96: 8500000 | K96: 4894971.5 | L96: Horizontal elbow | M96: Sheet | N96: FALSE
A97: - 1000A - Al - update MTO - rev 00.xlsx | B97: Horizontal elbow | C97: 25 | D97: پلی امید | E97: عایق یک طرفه | F97: 0.18 | G97: 2 | H97: 2 | I97: PCS | J97: 715000 | K97: 1430000 | L97: Horizontal elbow | M97: Sheet | N97: FALSE
A98: - 1000A - Al - update MTO - rev 00.xlsx | B98: Horizontal elbow | C98: 26 | E98: عایق دو طرفه | F98: 0.2 | G98: 3 | H98: 3 | I98: PCS | J98: 715000 | K98: 2145000 | L98: Horizontal elbow | M98: Sheet | N98: FALSE
A99: - 1000A - Al - update MTO - rev 00.xlsx | B99: Horizontal elbow | C99: 27 | D99: ABS | E99: قطعه شش ضلعی | F99: 80 mm | G99: 1 | H99: 1 | I99: PCS | J99: 100000 | K99: 100000 | L99: Horizontal elbow | M99: Sheet | N99: FALSE
A100: - 1000A - Al - update MTO - rev 00.xlsx | B100: Horizontal elbow | C100: 28 | D100: پیچ و مهره | E100: پیچ 12x120 | G100: 2 | H100: 2 | I100: PCS | J100: 2400000 | K100: 4800000 | L100: Horizontal elbow | M100: Sheet | N100: FALSE
...

Sheet متریال
A1: متریال | B1: قیمت واحد (ریال) | H1: متریال | I1: DIMENTION | J1: UNIT | K1: UNIT PRICE | N1: Source.Name | P1: Name | R1: Line Name
A2: ابعاد بدنه باکس (2000X500) | B2: =VLOOKUP(A:A,H:K,4,1) -> 5200000 | C2: =COUNTIF(H:H,A2) -> 1 | H2: ابعاد بدنه باکس (2000X500) | J2: Kg | K2: 5200000 | N2: - 1000A - Al - update MTO - rev 00.xlsx | P2: Connection protection unit | R2: Line1
A3: ابعاد درپوش (500X500) | B3: =VLOOKUP(A:A,H:K,4,1) -> 0 | C3: =COUNTIF(H:H,A3) -> 1 | H3: ابعاد درپوش (500X500) | J3: Kg | N3: - 1250A - Al - update MTO - rev 00.xlsx | P3: DISTRIBUTION BOARD | R3: Line2
A4: ابعاد ناودانی | B4: =VLOOKUP(A:A,H:K,4,1) -> 0 | C4: =COUNTIF(H:H,A4) -> 1 | H4: ابعاد ناودانی | I4: 300 | J4: 7.86 | N4: - 1600A - Al - update MTO - rev 00.xlsx | P4: FEEDER-1000 | R4: Line3
A5: ابعاد نبشی | B5: =VLOOKUP(A:A,H:K,4,1) -> 0 | C5: =COUNTIF(H:H,A5) -> 1 | H5: ابعاد نبشی | I5: 200 | J5: 7.86 | N5: - 2000A - Al - update MTO - rev 00.xlsx | P5: FEEDER-1250 | R5: Line4
A6: ابکاری پلیت | B6: =VLOOKUP(A:A,H:K,4,1) -> 3000000 | C6: =COUNTIF(H:H,A6) -> 2 | H6: ابکاری پلیت | J6: Kg | K6: 1600000 | N6: - 2500A - Al - update MTO - rev 00.xlsx | P6: FEEDER-1600 | R6: Line5
A7: ابکاری شینه ها سراسر | B7: =VLOOKUP(A:A,H:K,4,1) -> 3600000 | C7: =COUNTIF(H:H,A7) -> 2 | H7: ابکاری پلیت | J7: Kg | K7: 3000000 | N7: - 3200A - Al - update MTO - rev 00.xlsx | P7: FEEDER-1600 1m 4w | R7: Line6
A8: بالبو | B8: =VLOOKUP(A:A,H:K,4,1) -> 11250000 | C8: =COUNTIF(H:H,A8) -> 1 | H8: ابکاری شینه ها سراسر | J8: PCS | K8: 3600000 | N8: - 4000A - Al - update MTO - rev 00.xlsx | P8: FEEDER-1600 1m 5w | R8: Line7
A9: بدنه | B9: =VLOOKUP(A:A,H:K,4,1) -> 5200000 | C9: =COUNTIF(H:H,A9) -> 1 | H9: ابکاری شینه ها سراسر | J9: Kg | K9: 3600000 | N9: - 400A -630A - Al - update MTO - rev 00.xlsx | P9: FEEDER-2000 | R9: Line8
A10: بست برای فیکس کردن بدنه | B10: =VLOOKUP(A:A,H:K,4,1) -> 500000 | C10: =COUNTIF(H:H,A10) -> 1 | H10: بالبو | J10: PCS | K10: 11250000 | N10: - 5000A - Al - update MTO - rev 00.xlsx | P10: FEEDER-2500 | R10: Line9
A11: بولت 12 | B11: =VLOOKUP(A:A,H:K,4,1) -> 100000 | C11: =COUNTIF(H:H,A11) -> 1 | H11: بدنه | J11: Kg | K11: 5200000 | N11: - 800A - Al - update MTO - rev 00.xlsx | P11: FEEDER-3200
A12: پروفیل آی شکل | B12: =VLOOKUP(A:A,H:K,4,1) -> 8500000 | C12: =COUNTIF(H:H,A12) -> 1 | H12: بست برای فیکس کردن بدنه | J12: PCS | K12: 500000 | P12: FEEDER-4000
A13: پروفیل یو شکل | B13: =VLOOKUP(A:A,H:K,4,1) -> 8500000 | C13: =COUNTIF(H:H,A13) -> 1 | H13: بولت 12 | J13: PCS | K13: 100000 | P13: FEEDER-5000
A14: پلیت مونو بلاک | B14: =VLOOKUP(A:A,H:K,4,1) -> 35000000 | C14: =COUNTIF(H:H,A14) -> 1 | H14: پروفیل آی شکل | I14: 2735 | J14: Kg | K14: 8500000 | P14: FEEDER-630
A15: پیچ 10x20 | B15: =VLOOKUP(A:A,H:K,4,1) -> 300000 | C15: =COUNTIF(H:H,A15) -> 1 | H15: پروفیل یو شکل | I15: 2735 | J15: Kg | K15: 8500000 | P15: FEEDER-800
A16: پیچ 12X60 | B16: =VLOOKUP(A:A,H:K,4,1) -> 50000 | C16: =COUNTIF(H:H,A16) -> 1 | H16: پلیت مونو بلاک | I16: 132 | J16: Kg | K16: 35000000 | P16: Flange end
A17: پیچ 6x10 | B17: =VLOOKUP(A:A,H:K,4,1) -> 400000 | C17: =COUNTIF(H:H,A17) -> 1 | H17: پیچ 10x20 | J17: PCS | K17: 300000 | P17: Flexible connection
A18: پیچ 6x15 | B18: =VLOOKUP(A:A,H:K,4,1) -> 400000 | C18: =COUNTIF(H:H,A18) -> 1 | H18: پیچ 12X60 | J18: PCS | K18: 50000 | P18: Horizontal elbow
A19: پیچ 6x20 | B19: =VLOOKUP(A:A,H:K,4,1) -> 10000 | C19: =COUNTIF(H:H,A19) -> 2 | H19: پیچ 6x10 | J19: PCS | K19: 400000 | P19: SPRINH HANGER
A20: پیچ 8x20 | B20: =VLOOKUP(A:A,H:K,4,1) -> 50000 | C20: =COUNTIF(H:H,A20) -> 2 | H20: پیچ 6x15 | J20: PCS | K20: 400000 | P20: Suspension unit ceiling
A21: پیچ 8x25 | B21: =VLOOKUP(A:A,H:K,4,1) -> 200000 | C21: =COUNTIF(H:H,A21) -> 1 | H21: پیچ 6x20 | J21: PCS | K21: 26000 | P21: TOP OFF BOX 250
A22: پیچ 12x120 | B22: =VLOOKUP(A:A,H:K,4,1) -> 2400000 | C22: =COUNTIF(H:H,A22) -> 1 | H22: پیچ 6X20 | J22: PCS | K22: 10000 | P22: Transformer connection
A23: پیچ 6X20 | B23: =VLOOKUP(A:A,H:K,4,1) -> 10000 | C23: =COUNTIF(H:H,A23) -> 1 | H23: پیچ 8x20 | J23: PCS | K23: 200000 | P23: Universal fixing unit
A24: پیچ m10 70 | B24: =VLOOKUP(A:A,H:K,4,1) -> 100000 | C24: =COUNTIF(H:H,A24) -> 1 | H24: پیچ 8x20 | J24: PCS | K24: 50000 | P24: Vertical elbow
A25: پیچ M12 | B25: =VLOOKUP(A:A,H:K,4,1) -> 2000000 | C25: =COUNTIF(H:H,A25) -> 1 | H25: پیچ 8x25 | J25: PCS | K25: 200000
A26: پیچ دو سر رزوه 12 به طول 700 | B26: =VLOOKUP(A:A,H:K,4,1) -> 1200000 | C26: =COUNTIF(H:H,A26) -> 1 | H26: پیچ 12x120 | J26: PCS | K26: 2400000
A27: ترموفیت سر و ته باسداکت | B27: =VLOOKUP(A:A,H:K,4,1) -> 4840000 | C27: =COUNTIF(H:H,A27) -> 6 | H27: پیچ 6X20 | J27: PCS | K27: 10000
A28: جوش اصطکاکی | B28: =VLOOKUP(A:A,H:K,4,1) -> 12000000 | C28: =COUNTIF(H:H,A28) -> 10 | H28: پیچ m10 70 | J28: PCS | K28: 100000
A29: جوشکاری آلومینیوم | B29: =VLOOKUP(A:A,H:K,4,1) -> 30000000 | C29: =COUNTIF(H:H,A29) -> 1 | H29: پیچ M12 | I29: 260 | J29: M | K29: 2000000
A30: چسب سیلیکون | B30: =VLOOKUP(A:A,H:K,4,1) -> 5500000 | C30: =COUNTIF(H:H,A30) -> 1 | H30: پیچ دو سر رزوه 12 به طول 700 | J30: M | K30: 1200000
A31: چسب عایق ها | B31: =VLOOKUP(A:A,H:K,4,1) -> 3600000 | C31: =COUNTIF(H:H,A31) -> 1 | H31: ترموفیت سر و ته باسداکت | I31: 50 | J31: m | K31: 6823080
A32: دایکاست (نگهدارنده کاور) | B32: =VLOOKUP(A:A,H:K,4,1) -> 8500000 | C32: =COUNTIF(H:H,A32) -> 1 | H32: ترموفیت سر و ته باسداکت | I32: 50 | J32: m | K32: 9739400
A33: دستگیره پلاستیکی | B33: =VLOOKUP(A:A,H:K,4,1) -> 0 | C33: =COUNTIF(H:H,A33) -> 1 | H33: ترموفیت سر و ته باسداکت | I33: 50 | J33: m | K33: 12655280
A34: دسته گردان | B34: =VLOOKUP(A:A,H:K,4,1) -> 74000000 | C34: =COUNTIF(H:H,A34) -> 1 | H34: ترموفیت سر و ته باسداکت | I34: 50 | J34: m | K34: 17526080
A35: رنگ پودری | B35: =VLOOKUP(A:A,H:K,4,1) -> 1430000 | C35: =COUNTIF(H:H,A35) -> 2 | H35: ترموفیت سر و ته باسداکت | I35: 50 | J35: m | K35: 3414400
A36: ساعت کار ( ساعت ) | B36: =VLOOKUP(A:A,H:K,4,1) -> 8500000 | C36: =COUNTIF(H:H,A36) -> 2 | H36: ترموفیت سر و ته باسداکت | I36: 50 | J36: m | K36: 4840000
A37: سیم ارت 5 میل | B37: =VLOOKUP(A:A,H:K,4,1) -> 0 | C37: =COUNTIF(H:H,A37) -> 1 | H37: جوش اصطکاکی | K37: 14000000
A38: شینه آلومینیوم 6 میلیمتری | B38: =VLOOKUP(A:A,H:K,4,1) -> 8500000 | C38: =COUNTIF(H:H,A38) -> 1 | H38: جوش اصطکاکی | J38: PCS | K38: 14000000
A39: شینه کشی جهت اتصال باسداکت -به مقدار 70 کیلو | B39: =VLOOKUP(A:A,H:K,4,1) -> 8500000 | C39: =COUNTIF(H:H,A39) -> 1 | H39: جوش اصطکاکی | K39: 18000000
A40: شینه کشی جهت اتصال باسداکت -تا مقدار 70 کیلو | B40: =VLOOKUP(A:A,H:K,4,1) -> 8500000 | C40: =COUNTIF(H:H,A40) -> 1 | H40: جوش اصطکاکی | J40: PCS | K40: 18000000
A41: شینه های خروجی | B41: =VLOOKUP(A:A,H:K,4,1) -> 22000000 | C41: =COUNTIF(H:H,A41) -> 1 | H41: جوش اصطکاکی | K41: 19000000
A42: صفحه چاک دار | B42: =VLOOKUP(A:A,H:K,4,1) -> 7500000 | C42: =COUNTIF(H:H,A42) -> 1 | H42: جوش اصطکاکی | J42: PCS | K42: 19000000
A43: ضریب ٪ | B43: =VLOOKUP(A:A,H:K,4,1) -> 0 | C43: =COUNTIF(H:H,A43) -> 1 | H43: جوش اصطکاکی | K43: 24000000
A44: طلق پلاستیکی حفاظتی 1 میل | B44: =VLOOKUP(A:A,H:K,4,1) -> 0 | C44: =COUNTIF(H:H,A44) -> 1 | H44: جوش اصطکاکی | J44: PCS | K44: 24000000
A45: عایق دو طرفه | B45: =VLOOKUP(A:A,H:K,4,1) -> 585000 | C45: =COUNTIF(H:H,A45) -> 5 | H45: جوش اصطکاکی | K45: 12000000
A46: عایق میکا | B46: =VLOOKUP(A:A,H:K,4,1) -> 4275000 | C46: =COUNTIF(H:H,A46) -> 1 | H46: جوش اصطکاکی | J46: PCS | K46: 12000000
A47: عایق نومکس یا مایلار | B47: =VLOOKUP(A:A,H:K,4,1) -> 45760000 | C47: =COUNTIF(H:H,A47) -> 2 | H47: جوشکاری آلومینیوم | J47: PCS | K47: 30000000
A48: عایق یک طرفه | B48: =VLOOKUP(A:A,H:K,4,1) -> 585000 | C48: =COUNTIF(H:H,A48) -> 5 | H48: چسب سیلیکون | J48: PCS | K48: 5500000
A49: فلکسی جهت اتصال به طول 500 میلیمتر | B49: =VLOOKUP(A:A,H:K,4,1) -> 17250000 | C49: =COUNTIF(H:H,A49) -> 6 | H49: چسب عایق ها | J49: PCS | K49: 3600000
A50: فنر 12 به طول 10 سانت | B50: =VLOOKUP(A:A,H:K,4,1) -> 5000000 | C50: =COUNTIF(H:H,A50) -> 1 | H50: دایکاست (نگهدارنده کاور) | I50: 120 | J50: Kg | K50: 8500000
A51: فیکسینگ | B51: =VLOOKUP(A:A,H:K,4,1) -> 150000 | C51: =COUNTIF(H:H,A51) -> 1 | H51: دستگیره پلاستیکی | J51: PCS
A52: قطعه شش ضلعی | B52: =VLOOKUP(A:A,H:K,4,1) -> 100000 | C52: =COUNTIF(H:H,A52) -> 1 | H52: دسته گردان | J52: PCS | K52: 74000000
A53: قفل زیمنسی آویز خور کوتاه | B53: =VLOOKUP(A:A,H:K,4,1) -> 0 | C53: =COUNTIF(H:H,A53) -> 1 | H53: رنگ پودری | J53: Kg | K53: 1430000
A54: کاور بالا و پایین | B54: =VLOOKUP(A:A,H:K,4,1) -> 5200000 | C54: =COUNTIF(H:H,A54) -> 1 | H54: رنگ پودری | J54: PCS | K54: 1430000
A55: کاورهای کناری | B55: =VLOOKUP(A:A,H:K,4,1) -> 5200000 | C55: =COUNTIF(H:H,A55) -> 1 | H55: ساعت کار ( ساعت ) | J55: h | K55: 13000000
A56: گارد | B56: =VLOOKUP(A:A,H:K,4,1) -> 8500000 | C56: =COUNTIF(H:H,A56) -> 1 | H56: ساعت کار ( ساعت ) | J56: h | K56: 8500000
A57: گلمپ های نگهدارنده | B57: =VLOOKUP(A:A,H:K,4,1) -> 1500000 | C57: =COUNTIF(H:H,A57) -> 1 | H57: سیم ارت 5 میل | J57: m
A58: لولا رزایران hl 05 - 3 | B58: =VLOOKUP(A:A,H:K,4,1) -> 0 | C58: =COUNTIF(H:H,A58) -> 1 | H58: شینه آلومینیوم 6 میلیمتری | I58: 2970 | J58: Kg | K58: 8500000
A59: مهره 12 | B59: =VLOOKUP(A:A,H:K,4,1) -> 10000 | C59: =COUNTIF(H:H,A59) -> 2 | H59: شینه کشی جهت اتصال باسداکت -به مقدار 70 کیلو | J59: Kg | K59: 8500000
A60: مهره 6 | B60: =VLOOKUP(A:A,H:K,4,1) -> 195000 | C60: =COUNTIF(H:H,A60) -> 1 | H60: شینه کشی جهت اتصال باسداکت -تا مقدار 70 کیلو | J60: Kg | K60: 8500000
A61: مهره M12 | B61: =VLOOKUP(A:A,H:K,4,1) -> 200000 | C61: =COUNTIF(H:H,A61) -> 1 | H61: شینه های خروجی | J61: Kg | K61: 22000000
A62: مهره پرچی | B62: =VLOOKUP(A:A,H:K,4,1) -> 10000 | C62: =COUNTIF(H:H,A62) -> 1 | H62: صفحه چاک دار | J62: PCS | K62: 7500000
A63: مهره پرچی ته بسته 6 | B63: =VLOOKUP(A:A,H:K,4,1) -> 120000 | C63: =COUNTIF(H:H,A63) -> 1 | H63: ضریب ٪ | J63: %
A64: مهره خاردار 6 | B64: =VLOOKUP(A:A,H:K,4,1) -> 5000 | C64: =COUNTIF(H:H,A64) -> 2 | H64: طلق پلاستیکی حفاظتی 1 میل | J64: m
A65: مهره خاردار 8 | B65: =VLOOKUP(A:A,H:K,4,1) -> 60000 | C65: =COUNTIF(H:H,A65) -> 2 | H65: عایق دو طرفه | I65: 0.2 | J65: PCS | K65: 715000
A66: مهره فلنجی | B66: =VLOOKUP(A:A,H:K,4,1) -> 75000 | C66: =COUNTIF(H:H,A66) -> 1 | H66: عایق دو طرفه | I66: 0.2 | J66: PCS | K66: 910000
A67: مهره مربعی | B67: =VLOOKUP(A:A,H:K,4,1) -> 2400000 | C67: =COUNTIF(H:H,A67) -> 1 | H67: عایق دو طرفه | I67: 0.2 | J67: PCS | K67: 1014000
A68: مهره واشر دار و خاردار | B68: =VLOOKUP(A:A,H:K,4,1) -> 30000 | C68: =COUNTIF(H:H,A68) -> 1 | H68: عایق دو طرفه | I68: 0.2 | J68: PCS | K68: 1300000
A69: مهره واشر دار و خاردار10 | B69: =VLOOKUP(A:A,H:K,4,1) -> 30000 | C69: =COUNTIF(H:H,A69) -> 1 | H69: عایق دو طرفه | I69: 0.2 | J69: PCS | K69: 585000
A70: ناودانی به عرض 60 و ارتفاع 40 و طول 500 | B70: =VLOOKUP(A:A,H:K,4,1) -> 700000 | C70: =COUNTIF(H:H,A70) -> 1 | H70: عایق میکا | I70: 0.13 | J70: M2 | K70: 4275000
A71: ناوردانی گالوانیزه | B71: =VLOOKUP(A:A,H:K,4,1) -> 800000 | C71: =COUNTIF(H:H,A71) -> 1 | H71: عایق نومکس یا مایلار | I71: 0.35 | J71: Kg | K71: 35750000
A72: نبشی گالوانیزه | B72: =VLOOKUP(A:A,H:K,4,1) -> 800000 | C72: =COUNTIF(H:H,A72) -> 1 | H72: عایق نومکس یا مایلار | I72: 0.2 | J72: Kg | K72: 45760000
A73: نوار آی پی 25 میل | B73: =VLOOKUP(A:A,H:K,4,1) -> 460000 | C73: =COUNTIF(H:H,A73) -> 1 | H73: عایق یک طرفه | I73: 0.18 | J73: PCS | K73: 715000
A74: نوار چسبی مونوبلاک ها | B74: =VLOOKUP(A:A,H:K,4,1) -> 1300000 | C74: =COUNTIF(H:H,A74) -> 1 | H74: عایق یک طرفه | I74: 0.18 | J74: PCS | K74: 910000
A75: هولدر گالوانیزه | B75: =VLOOKUP(A:A,H:K,4,1) -> 4200000 | C75: =COUNTIF(H:H,A75) -> 1 | H75: عایق یک طرفه | I75: 0.18 | J75: PCS | K75: 1014000
A76: هولدر مونوبلاک | B76: =VLOOKUP(A:A,H:K,4,1) -> 8500000 | C76: =COUNTIF(H:H,A76) -> 1 | H76: عایق یک طرفه | I76: 0.18 | J76: PCS | K76: 1300000
A77: هیت سینگ 118 | B77: =VLOOKUP(A:A,H:K,4,1) -> 8500000 | C77: =COUNTIF(H:H,A77) -> 1 | H77: عایق یک طرفه | I77: 0.18 | J77: PCS | K77: 585000
A78: هیت سینگ 163 | B78: =VLOOKUP(A:A,H:K,4,1) -> 8500000 | C78: =COUNTIF(H:H,A78) -> 1 | H78: فلکسی جهت اتصال به طول 500 میلیمتر | J78: SET | K78: 22500000
A79: هیت سینگ 203 | B79: =VLOOKUP(A:A,H:K,4,1) -> 8500000 | C79: =COUNTIF(H:H,A79) -> 1 | H79: فلکسی جهت اتصال به طول 500 میلیمتر | J79: SET | K79: 20700000
A80: هیت سینگ 263 | B80: =VLOOKUP(A:A,H:K,4,1) -> 8500000 | C80: =COUNTIF(H:H,A80) -> 1 | H80: فلکسی جهت اتصال به طول 500 میلیمتر | J80: SET | K80: 27600000
A81: هیت سینگ 293 | B81: =VLOOKUP(A:A,H:K,4,1) -> 8500000 | C81: =COUNTIF(H:H,A81) -> 1 | H81: فلکسی جهت اتصال به طول 500 میلیمتر | J81: SET | K81: 34500000
A82: هیت سینگ 421 | B82: =VLOOKUP(A:A,H:K,4,1) -> 8500000 | C82: =COUNTIF(H:H,A82) -> 1 | H82: فلکسی جهت اتصال به طول 500 میلیمتر | J82: SET | K82: 41400000
A83: هیت سینگ 535 | B83: =VLOOKUP(A:A,H:K,4,1) -> 8500000 | C83: =COUNTIF(H:H,A83) -> 1 | H83: فلکسی جهت اتصال به طول 500 میلیمتر | J83: SET | K83: 17250000
A84: هیت سینگ 603 | B84: =VLOOKUP(A:A,H:K,4,1) -> 8500000 | C84: =COUNTIF(H:H,A84) -> 1 | H84: فنر 12 به طول 10 سانت | J84: PCS | K84: 5000000
A85: واشر تخت 10 | B85: =VLOOKUP(A:A,H:K,4,1) -> 30000 | C85: =COUNTIF(H:H,A85) -> 2 | H85: فیکسینگ | J85: PCS | K85: 150000
A86: واشر تخت 12 | B86: =VLOOKUP(A:A,H:K,4,1) -> 30000 | C86: =COUNTIF(H:H,A86) -> 2 | H86: قطعه شش ضلعی | I86: 80 mm | J86: PCS | K86: 100000
A87: واشر تخت 6 | B87: =VLOOKUP(A:A,H:K,4,1) -> 60000 | C87: =COUNTIF(H:H,A87) -> 2 | H87: قفل زیمنسی آویز خور کوتاه | J87: PCS
A88: واشر تخت 8 | B88: =VLOOKUP(A:A,H:K,4,1) -> 30000 | C88: =COUNTIF(H:H,A88) -> 2 | H88: کاور بالا و پایین | I88: 425 X 265 | J88: Kg | K88: 5200000
A89: واشر فنری 10 | B89: =VLOOKUP(A:A,H:K,4,1) -> 100000 | C89: =COUNTIF(H:H,A89) -> 1 | H89: کاورهای کناری | I89: 115 X 185 | J89: Kg | K89: 5200000
A90: واشر فنری 12 | B90: =VLOOKUP(A:A,H:K,4,1) -> 5000 | C90: =COUNTIF(H:H,A90) -> 1 | H90: گارد | I90: 180 | J90: Kg | K90: 8500000
A91: واشر قابلمه ای 74 به ضخامت 5 میلیمتر | B91: =VLOOKUP(A:A,H:K,4,1) -> 3000000 | C91: =COUNTIF(H:H,A91) -> 1 | H91: گلمپ های نگهدارنده | I91: 50 X 60 | J91: Kg | K91: 1500000
H92: لولا رزایران hl 05 - 3 | J92: PCS
H93: مهره 12 | J93: PCS | K93: 15000
H94: مهره 12 | J94: PCS | K94: 10000
H95: مهره 6 | J95: PCS | K95: 195000
H96: مهره M12 | J96: PCS | K96: 200000
H97: مهره پرچی | J97: PCS | K97: 10000
H98: مهره پرچی ته بسته 6 | J98: PCS | K98: 120000
H99: مهره خاردار 6 | J99: PCS | K99: 10000
H100: مهره خاردار 6 | J100: PCS | K100: 5000
...

Sheet Line
A1: Source.Name | B1: Line name | C1: Name | D1: Qty | E1: UNIT PRICE | F1: Total Price
A2: - 1000A - Al - update MTO - rev 00.xlsx | B2: Line1 | C2: FEEDER-1000 | D2: 1 | E2: =SUMIFS('Al update MTO - 05-1-30'!K:K,'Al update MTO - 05-1-30'!A:A,A2,'Al update MTO - 05-1-30'!B:B,Line!C2) -> 8.0270004e+08 | F2: =D2*E2 -> 8.0270004e+08
A3: - 1000A - Al - update MTO - rev 00.xlsx | B3: Line1 | C3: Flexible connection | D3: 1 | E3: =SUMIFS('Al update MTO - 05-1-30'!K:K,'Al update MTO - 05-1-30'!A:A,A3,'Al update MTO - 05-1-30'!B:B,Line!C3) -> 125880000 | F3: =D3*E3 -> 125880000
A4: - 1000A - Al - update MTO - rev 00.xlsx | B4: Line1 | C4: TOP OFF BOX 250 | D4: 2 | E4: =SUMIFS('Al update MTO - 05-1-30'!K:K,'Al update MTO - 05-1-30'!A:A,A4,'Al update MTO - 05-1-30'!B:B,Line!C4) -> 220320000 | F4: =D4*E4 -> 440640000
A5: - 1000A - Al - update MTO - rev 00.xlsx | B5: Line1 | C5: Transformer connection | D5: 1 | E5: =SUMIFS('Al update MTO - 05-1-30'!K:K,'Al update MTO - 05-1-30'!A:A,A5,'Al update MTO - 05-1-30'!B:B,Line!C5) -> 138880000 | F5: =D5*E5 -> 138880000
A6: - 1000A - Al - update MTO - rev 00.xlsx | B6: Line2 | C6: FEEDER-1000 | D6: 1 | E6: =SUMIFS('Al update MTO - 05-1-30'!K:K,'Al update MTO - 05-1-30'!A:A,A6,'Al update MTO - 05-1-30'!B:B,Line!C6) -> 8.0270004e+08 | F6: =D6*E6 -> 8.0270004e+08
A7: - 1000A - Al - update MTO - rev 00.xlsx | B7: Line2 | C7: Flexible connection | D7: 1 | E7: =SUMIFS('Al update MTO - 05-1-30'!K:K,'Al update MTO - 05-1-30'!A:A,A7,'Al update MTO - 05-1-30'!B:B,Line!C7) -> 125880000 | F7: =D7*E7 -> 125880000
A8: - 1000A - Al - update MTO - rev 00.xlsx | B8: Line2 | C8: TOP OFF BOX 250 | D8: 2 | E8: =SUMIFS('Al update MTO - 05-1-30'!K:K,'Al update MTO - 05-1-30'!A:A,A8,'Al update MTO - 05-1-30'!B:B,Line!C8) -> 220320000 | F8: =D8*E8 -> 440640000
A9: - 1000A - Al - update MTO - rev 00.xlsx | B9: Line2 | C9: Horizontal elbow | D9: 1 | E9: =SUMIFS('Al update MTO - 05-1-30'!K:K,'Al update MTO - 05-1-30'!A:A,A9,'Al update MTO - 05-1-30'!B:B,Line!C9) -> 4.4633654e+08 | F9: =D9*E9 -> 4.4633654e+08
A10: - 1600A - Al - update MTO - rev 00.xlsx | B10: Line1 | C10: FEEDER-1600 | D10: 1 | E10: =SUMIFS('Al update MTO - 05-1-30'!K:K,'Al update MTO - 05-1-30'!A:A,A10,'Al update MTO - 05-1-30'!B:B,Line!C10) -> 1192956814 | F10: =D10*E10 -> 1192956814
A11: - 1600A - Al - update MTO - rev 00.xlsx | B11: Line1 | C11: Flexible connection | D11: 1 | E11: =SUMIFS('Al update MTO - 05-1-30'!K:K,'Al update MTO - 05-1-30'!A:A,A11,'Al update MTO - 05-1-30'!B:B,Line!C11) -> 195180000 | F11: =D11*E11 -> 195180000
A12: - 1600A - Al - update MTO - rev 00.xlsx | B12: Line1 | C12: TOP OFF BOX 250 | D12: 2 | E12: =SUMIFS('Al update MTO - 05-1-30'!K:K,'Al update MTO - 05-1-30'!A:A,A12,'Al update MTO - 05-1-30'!B:B,Line!C12) -> 220320000 | F12: =D12*E12 -> 440640000
A13: - 1600A - Al - update MTO - rev 00.xlsx | B13: Line1 | C13: Transformer connection | D13: 1 | E13: =SUMIFS('Al update MTO - 05-1-30'!K:K,'Al update MTO - 05-1-30'!A:A,A13,'Al update MTO - 05-1-30'!B:B,Line!C13) -> 187280000 | F13: =D13*E13 -> 187280000
... A17: - 1600A - Al - update MTO - rev 00.xlsx | B17: Line2 | C17: Horizontal elbow | D17: 1 | E17: =SUMIFS('Al update MTO - 05-1-30'!K:K,'Al update MTO - 05-1-30'!A:A,A17,'Al update MTO - 05-1-30'!B:B,Line!C17) -> 5.9762489e+08 | F17: =D17*E17 -> 5.9762489e+08

Sheet خروجی
A3: Row Labels | B3: Sum of Qty | C3: Sum of Total Price
A4: - 1000A - Al - update MTO - rev 00.xlsx | B4: 10 | C4: 3.3236566e+09
A5: Line1 | B5: 5 | C5: 1.5081e+09
A6: Line2 | B6: 5 | C6: 1.8155566e+09
A7: - 1600A - Al - update MTO - rev 00.xlsx | B7: 10 | C7: 4.4424585e+09
A8: Line1 | B8: 5 | C8: 2016056814
A9: Line2 | B9: 5 | C9: 2.4264017e+09
A10: Grand Total | B10: 20 | C10: 7.7661151e+09
